value;count
machine learn engineer;28
become data scientist;21
learn data science;18
big data engineer;14
good data scientist;12
data science become;8
computer science engineering;8
data science field;6
data science course;6
data scientist without;6
mechanical engineer become;6
computer science graduate;5
data science engineer;5
become data engineer;5
data science help;5
data scientist become;5
computer science degree;5
start learn data;4
computer science background;4
data science job;4
become data analyst;4
data engineer without;3
data science professional;3
computer science student;3
data engineer become;3
big data architect;3
study data science;3
junior data scientist;3
data science manager;3
science student become;3
data science consultant;3
science graduate become;3
data science team;3
become big data;3
science become one;2
industrial engineer become;2
computer science become;2
fresh computer science;2
experienced software engineer;2
become software engineer;2
ibm cognos analytics;2
data scientist even;2
software engineer become;2
data science expert;2
mechanical engineering graduate;2
data science certificate;2
data science master;2
best suit accord;2
data science competition;2
petroleum engineering degree;2
electronics engineer become;2
commerce student become;2
become data science;2
engineering student become;2
study software engineering;2
science related field;2
engineer become data;2
data scientist need;2
ruby become popular;2
data science like;2
computer vision professional;2
data science influencer;2
financial data scientist;2
profile best suit;2
online data science;2
data science industry;2
computer science engineer;2
computer science course;2
computer science knowledge;2
data scientist help;2
data science without;2
big data analysis;2
data science project;2
big data analyst;2
successful data scientist;2
assistant system engineer;2
data science skill;2
data science becomes;2
mechanical engineering student;2
computer science undergrad;2
data science internship;2
azure data engineer;2
data analyst job;2
data scientist prefer;1
software engineer role;1
” analysis background;1
top data analysis;1
become mandatory education;1
analysis use excel;1
make r stand;1
use program language;1
data analysis use;1
science ultimately become;1
ultimately become mandatory;1
prefer use neural;1
data engineer start;1
data science ultimately;1
advanced data engineer;1
linear discriminant analysis;1
learn one year;1
scientist prefer use;1
use excel 2010;1
use neural network;1
data analysis expert;1
software development knowledge;1
data analysis book;1
normal software engineer;1
data set outside;1
large data set;1
besides digital business;1
degree besides digital;1
bachelor degree besides;1
analyst look like;1
financial analyst look;1
data analysis job;1
pursue mechanical engineering;1
analysis use imagej;1
image analysis use;1
learn related work;1
machine learn related;1
would help one;1
course would help;1
bootcamp course would;1
data analysis experience;1
big data consultant;1
healthcare data analyst;1
30 year old;1
little market analysis;1
much software development;1
computer program degree;1
old recruitment specialist;1
year old recruitment;1
34 year old;1
data analysis major;1
entry level position;1
online like youtube;1
many year would;1
could learn data;1
official ” analysis;1
10 microsoft data;1
real data scientist;1
hard science degree;1
statistic mooc curriculum;1
data analyst consequently;1
analyst consequently lead;1
aspect like statistic;1
economics become data;1
computer science prepare;1
study computer science;1
learn r program;1
r program language;1
science industry become;1
science background become;1
certificate program sufficient;1
successful big data;1
data architect without;1
architect without learn;1
without learn data;1
pharmacy graduate become;1
microsoft data science;1
become increasingly irrelevant;1
“ official ”;1
requirement become increasingly;1
finance related course;1
persue data science;1
eventually become citizen;1
eventually become proficient;1
data scientist job;1
aspire data scientist;1
data scientist course;1
data analyst lead;1
best online data;1
master degree necessary;1
pick data science;1
data science path;1
become market worthy;1
basic program skill;1
data science career;1
science course really;1
course really help;1
give someone begin;1
phd requirement become;1
best online course;1
data science specialization;1
computer science postgraduate;1
science postgraduate student;1
high salary without;1
salary without mathematical;1
without mathematical education;1
quantitative college degree;1
information science engineering;1
learn software engineering;1
1 year master;1
year master ’;1
inclined towards data;1
towards data analysis;1
33 year old;1
full time job;1
uc berkeley mims;1
international student candidate;1
complete bsc computer;1
bsc computer science;1
astrophysical data analysis;1
software developer become;1
developer become data;1
qualify data scientist;1
highly qualify data;1
free online resource;1
level data science;1
high pay job;1
leveraged data science;1
start learn analytic;1
learn analytic skill;1
science like r;1
science degree necessary;1
engineer become one;1
entry level data;1
science job become;1
best free online;1
may become automate;1
become automate within;1
automate within data;1
within data analysis;1
besides data science;1
next big area;1
would employer value;1
data mining certificate;1
undergrad c student;1
apply artificial intelligence;1
learn engineer since;1
normal engineering college;1
indian web developer;1
software engineering experience;1
lead software engineer;1
software engineer easily;1
engineer easily become;1
lead data scientist;1
iit madras become;1
mobile app developer;1
leave control system;1
control system engineering;1
communication engineering student;1
engineering student enter;1
software engineer rather;1
quants even though;1
undergraduate c student;1
move onto become;1
full stack web;1
stack web developer;1
mcsa data engineer;1
without join engineering;1
data engineer master;1
support analyst want;1
like mechanical engineering;1
special degree require;1
electrical engineering student;1
analyst job need;1
first year c;1
year c engineering;1
c engineering student;1
step wise guide;1
also please enlist;1
data engineer consider;1
help one prepare;1
talent acquisition consult;1
acquisition consult practice;1
degree one need;1
mechanical engineer transition;1
study industrial engineering;1
add machine learn;1
machine learn course;1
scientist help one;1
data administration job;1
age 37 year;1
operation research focus;1
biomedical engineer become;1
data scientist give;1
current job market;1
bootcamp sufficient give;1
data engineer course;1
engineer course online;1
current computer science;1
computer science affect;1
love machine learn;1
computer science still;1
science still become;1
reputable european university;1
software engineer need;1
aspire industrial engineer;1
system engineer background;1
online master program;1
data analyst need;1
analyst need office;1
need office macro;1
office macro program;1
history background become;1
hardware networking engineer;1
become like today;1
automl software engineer;1
typical career path;1
could one become;1
10 year time;1
traditional etl experience;1
etl experience mandatory;1
best course available;1
expert spark data;1
spark data engineer;1
one year experience;1
year experienced software;1
specific associate enough;1
product support engineer;1
support engineer become;1
get job offer;1
data large enough;1
even consider hdfs;1
financial engineering help;1
4 year experienced;1
artificial intelligence engineer;1
electronics engineering student;1
data engineer even;1
electrical engineer become;1
scientist study online;1
electrical engineering background;1
electrical engineering graduate;1
technical support engineer;1
manual test engineer;1
final year bsc;1
year bsc mechanical;1
bsc mechanical engineering;1
software engineering background;1
digital design engineer;1
tier 3 college;1
data analytics along;1
learn machine learn;1
student become data;1
software engineer learn;1
software engineering analytics;1
one become data;1
test engineer become;1
data analyst become;1
data scientist study;1
diploma 1st year;1
certification could help;1
building design engineer;1
engineer even though;1
data scientist position;1
qa data engineer;1
employable junior data;1
junior data engineer;1
one become successful;1
chemical engineering background;1
successful data engineer;1
2 month hence;1
arithmetic skill become;1
accepted support project;1
chemical engineering student;1
master big data;1
big data admin;1
0 cod knowledge;1
data processing journey;1
program skill suck;1
basic arithmetic skill;1
software dev first;1
second year engineering;1
2nd year electrical;1
year engineering student;1
someone change career;1
change career path;1
spending 10 year;1
whole 4 year;1
4 year college;1
year college life;1
felt nothing great;1
big data certification;1
trend branch among;1
branch among engineering;1
among engineering student;1
young statistic student;1
data engineering skill;1
science engineering increase;1
business intelligence engineer;1
non c field;1
c field become;1
data scientist among;1
civil engineer become;1
computer system topic;1
important computer system;1
machine learn scientist;1
learn engineer ever;1
complete data scientist;1
civil engineering help;1
chemical engineer become;1
software engineer gradually;1
engineer gradually start;1
gradually start become;1
start become data;1
data analyst try;1
engineer ever become;1
computer engineering degree;1
engineering background study;1
software engineer quite;1
engineer quite easily;1
transition quite hard;1
qa engineer become;1
computer engineering graduate;1
data scientist like;1
competitive program helpful;1
single finance related;1
data science outside;1
deep business understand;1
red hat architect;1
im currently learn;1
currently learn tableau;1
topic like machine;1
like machine learn;1
enjoy study law;1
frm certification help;1
want become data;1
become data analysis;1
senior profile best;1
business student become;1
also good knowledge;1
senior bi analyst;1
bi analyst work;1
microsoft suite tool;1
data analysis two;1
analysis two year;1
two year ago;1
move forward without;1
study aviation management;1
data analyst without;1
independent management consultant;1
many year experience;1
science become common;1
python quickly become;1
data science degree;1
senior computer science;1
data science realm;1
microsoft power bi;1
power bi really;1
bi really good;1
know basic python;1
data analysis language;1
physic graduate student;1
data analysis good;1
analysis good career;1
biological data analysis;1
important program language;1
start learn r;1
first program language;1
popular data analysis;1
become full time;1
full time trader;1
poor program skill;1
data engineer go;1
study information technology;1
information technology engineering;1
good move monetarily;1
move monetarily give;1
master enough sql;1
learn engineer position;1
hadoop big data;1
good data engineer;1
learn big data;1
software engineer work;1
big data technology;1
long term goal;1
data scientist role;1
skill like web;1
android development valuable;1
learn data structure;1
python developer finish;1
developer finish school;1
level engineer work;1
l2 level engineer;1
back end engineer;1
firm like google;1
java work towards;1
work towards become;1
java application engineer;1
application engineer become;1
business analytics analyst;1
good software engineer;1
software engineer give;1
study computer engineering;1
good big data;1
oracle technical consultant;1
know beginner level;1
beginner level program;1
software engineer 4;1
engineer 4 semester;1
5 year ago;1
side project would;1
great data scientist;1
competent software engineer;1
new program language;1
aws online course;1
life science graduate;1
experienced indian public;1
indian public sector;1
public sector bank;1
sector bank manager;1
data science use;1
science use python;1
python overtake r;1
machine learn application;1
data science student;1
best case scenario;1
good data journalist;1
computer science field;1
learn computer science;1
science without go;1
statistic become successful;1
become successful data;1
high tech company;1
tech company like;1
data science purpose;1
much statistic knowledge;1
data visualization type;1
science project experience;1
science team lead;1
google take intern;1
edvancer online course;1
online course good;1
java developer become;1
science skill important;1
successful computer vision;1
mostly computer vision;1
vision professional require;1
good data analytics;1
data analytics skill;1
uc san diego;1
right way toward;1
way toward data;1
toward data science;1
lead tech firm;1
data science work;1
understand data science;1
would also consider;1
relevant aws online;1
pure data science;1
data science mooc;1
msc data science;1
msc computer science;1
become really good;1
science competition like;1
competition like kaggle;1
data science focus;1
study pure data;1
science like python;1
also consider web;1
become really popular;1
data science area;1
two year enough;1
non computer science;1
computer science class;1
aws product use;1
someone suggest relevant;1
suggest relevant aws;1
john hopkins university;1
follow john hopkins;1
good thesis topic;1
also learn data;1
consider web development;1
machine learn algorithm;1
learn algorithm without;1
algorithm without know;1
solve data science;1
data science problem;1
could julia become;1
impact government policy;1
potentially become irrelevant;1
obsolete within next;1
learn ibm cognos;1
take 6 month;1
6 month data;1
month data science;1
would data science;1
financial analyst course;1
computer science subject;1
mechanical engineer graduate;1
science becomes common;1
becomes common like;1
ibm data science;1
undergraduate student become;1
become highly interested;1
help solve environmental;1
solve environmental issue;1
environmental data science;1
career path suggest;1
many data science;1
teach data science;1
certify data scientist;1
unicorn data scientist;1
visualization data science;1
automate data scientist;1
data scientist profession;1
mechanical engineering degree;1
engineering degree compare;1
highly technical role;1
software engineering become;1
engineering become upper;1
science undergraduate student;1
soil science undergraduate;1
demand corporate trainer;1
high demand corporate;1
within 3 month;1
place yet due;1
class 12 pcm;1
12 pcm student;1
computer science play;1
data science tester;1
much computer science;1
science knowledge would;1
22 year old;1
start learn right;1
professional structural engineer;1
final year computer;1
year computer science;1
please see loyola;1
see loyola master;1
12th class science;1
could data science;1
become upper management;1
data science right;1
data scientist within;1
26 year old;1
graduate computer science;1
science engineer start;1
web application technology;1
big data science;1
software development topic;1
many question like;1
senior data science;1
data analytics ”;1
year old without;1
computer science theory;1
degree become expert;1
computer science related;1
theoretical computer science;1
science become familiar;1
average commerce student;1
student become proficient;1
data science related;1
public health science;1
freshly graduate computer;1
sustainable competitive advantage;1
drive sustainable competitive;1
scale become supportive;1
spend one hour;1
data science daily;1
repute product company;1
experimental data science;1
generic elective subject;1
machine learn become;1
pro data scientist;1
data science process;1
eventually become automate;1
data scientist prepare;1
scientist without go;1
science outside academia;1
2017 computer science;1
science engineering graduate;1
6 month experience;1
trainee software engineer;1
also work ai;1
scientist within 3;1
year electronics student;1
oracle data scientist;1
big tech company;1
computer science bsc;1
pure math bsc;1
petroleum data analyst;1
modern day data;1
day data engineer;1
little computer science;1
science engineer become;1
learn java help;1
data engineer later;1
real analysis important;1
could anyone suggest;1
learn data analysis;1
scratch use python;1
part time mba;1
around 15 year;1
anyone would help;1
currently work another;1
work another job;1
new computer science;1
completely new computer;1
science master ’;1
previous work experience;1
oracle machine learn;1
tier 3 engineering;1
3 engineering college;1
join mu sigma;1
already moderately skilled;1
become good data;1
phd degree concentrate;1
organizational decision make;1
32 year old;1
year old indian;1
old indian call;1
indian call center;1
call center agent;1
center agent like;1
company like google;1
science graduate work;1
data market company;1
wannabe data scientist;1
12th grade student;1
3rd year electronics;1
data science diploma;1
appropriate career path;1
machine learn data;1
learn data scientist;1
best classroom training;1
digital marketing experience;1
interest way people;1
use data science;1
life science student;1
data science track;1
science team manager;1
science track helpful;1
add additional skill;1
two data science;1
mechanical field related;1
data driven digital;1
driven digital marketing;1
digital marketing expert;1
marketing expert without;1
data scientist although;1
support engineer due;1
customer support engineer;1
follow data science;1
team manager make;1
data science executive;1
data science intern;1
get data science;1
science expert online;1
statistic student become;1
improve data science;1
right choose data;1
choose data science;1
non c background;1
hr profession become;1
data science bootcamps;1
science bootcamps emerge;1
much math knowledge;1
cognizant technology solution;1
someone please elaborate;1
bsc environmental engr;1
macro program skill;1
