word,TF-IDF
how to become,0.8386078310506724
can become better,0.5674877900812982
better android developer,0.5422087771485878
become better android,0.5422087771485878
can become good,0.5633775012998016
good android developer,0.5422837013942406
become good android,0.5096813028113408
do become professional,0.6634659971159436
can become android,0.7225105577025992
become android developer,0.590636561580149
do become great,0.5836926356046281
great android developer,0.5375239320509526
become great android,0.5210456084989594
smart android developer,0.5124351122275961
should become smart,0.5124351122275961
become smart android,0.5124351122275961
class android developer,0.5031214789465319
world class android,0.5031214789465319
do become junior,0.5899318909563745
become junior android,0.5303556088868218
junior android developer,0.5303556088868218
you become successful,0.5067296711188392
can become pro,0.5078796956959194
become pro in,0.5078796956959194
pro in android,0.5078796956959194
can become google,0.5164567242603552
kickass android developer,0.5549256752457637
become kickass android,0.5549256752457637
can become kickass,0.5549256752457637
do you become,0.5759605683946037
you become an,0.538113956310698
how do you,0.5237253421852718
can become ninja,0.5549256752457637
become ninja android,0.5549256752457637
ninja android developer,0.5549256752457637
can learn to,0.520195869312797
android developer associate,0.7234248011989488
developer in 2018,0.6519975860556713
app developer programmer,0.5448106855881075
successful android application,0.5566498405105036
can become successful,0.5435467556261214
successful android app,0.5435467556261214
good android app,0.5629642500331266
can become good,0.5073254511250723
developer from nothing,0.5665335160053684
an android application,0.5846157799110753
android application developer,0.5584304597307936
android studio developer,0.6111582389116895
an android studio,0.6111582389116895
in two months,0.5613735795275137
developer in two,0.5410725959660184
developer good option,0.5400933288991951
android developer good,0.5400933288991951
becoming android developer,0.5277184198470349
worth becoming android,0.5277184198470349
an android 2019,0.6111582389116895
android 2019 developer,0.6111582389116895
should learn to,0.5315952603126998
what should learn,0.5251625888439128
what should read,0.5271721032706445
worth becoming an,0.5580774503976054
it worth becoming,0.5251093424137909
after bca course,0.5663549527850045
developer after bca,0.5328978560553633
or javascript developer,0.5443647601293488
android or javascript,0.5443647601293488
developer in month,0.6842530118797077
developer within 30,0.5445548700079973
within 30 days,0.5445548700079973
what does it,0.5767386830276935
android game app,0.5298051317896041
it hard to,0.5444469436816133
is it hard,0.5444469436816133
hard to become,0.5444469436816133
android developer where,0.5464421194689278
developer where should,0.5464421194689278
what does it,0.5499328618450089
world class ios,0.5031214789465319
class ios developer,0.5031214789465319
how become professional,0.6007678314073428
become professional ios,0.5652778134449107
professional ios developer,0.5652778134449107
expert ios developer,0.5466753070501519
an expert ios,0.5299164391182889
become master in,0.5023634125616572
master in ios,0.5023634125616572
do become master,0.5023634125616572
how did you,0.5195571747245874
you become an,0.5195571747245874
did you become,0.5195571747245874
should become an,0.7355758166139955
has ios development,0.5773502691896257
ios development become,0.5773502691896257
development become stagnant,0.5773502691896257
can become mobile,0.6801518982659028
become mobile developer,0.6051116946543612
motivates people to,0.5045368629599689
people to become,0.5045368629599689
what motivates people,0.5045368629599689
developer without degree,0.5323365337261535
become better mobile,0.5649897530049125
better mobile developer,0.5649897530049125
can become better,0.5316133046758429
become sap mobile,0.5549256752457637
sap mobile developer,0.5549256752457637
can become sap,0.5549256752457637
developer from home,0.5439883297915143
become an effective,0.5302246099737413
an effective mobile,0.5302246099737413
effective mobile developer,0.5302246099737413
can web developer,0.5323257561598171
developer become mobile,0.5323257561598171
web developer become,0.5323257561598171
